Iceberg,Length (NM),Width (NM),Latitude,Longitude,Remarks,Last Update,source_file,Area (sqMI),Area (sqNM),Area (sqKM),date,prev_latitude,prev_longitude,prev_date,days_since_previous,movement_km,speed_km_per_day
C18B,19.0,4.0,-66.56,89.34,amere (fasted),1/6/2023,AntarcticIcebergs_20230106.csv,,,,2023-01-06,,,,,,
C18B,19.0,4.0,-66.56,89.34,amere (fasted),1/13/2023,AntarcticIcebergs_20230113.csv,,,,2023-01-13,-66.56,89.34,2023-01-06,7.0,0.0,0.0
C18B,19.0,4.0,-66.56,89.34,amere (fasted),1/20/2023,AntarcticIcebergs_20230120.csv,,,,2023-01-20,-66.56,89.34,2023-01-13,7.0,0.0,0.0
C18B,19.0,4.0,-66.56,89.34,amere (fasted),1/27/2023,AntarcticIcebergs_20230127.csv,,,,2023-01-27,-66.56,89.34,2023-01-20,7.0,0.0,0.0
C18B,19.0,4.0,-66.56,89.34,amere (fasted),2/3/2023,AntarcticIcebergs_20230203.csv,,,,2023-02-03,-66.56,89.34,2023-01-27,7.0,0.0,0.0
C18B,19.0,4.0,-66.56,89.34,amere (fasted),2/10/2023,AntarcticIcebergs_20230210.csv,,,,2023-02-10,-66.56,89.34,2023-02-03,7.0,0.0,0.0
C18B,19.0,4.0,-66.56,89.34,amere (fasted),2/17/2023,AntarcticIcebergs_20230217.csv,,,,2023-02-17,-66.56,89.34,2023-02-10,7.0,0.0,0.0
C18B,19.0,4.0,-66.56,89.34,amere (fasted),2/24/2023,AntarcticIcebergs_20230224.csv,,,,2023-02-24,-66.56,89.34,2023-02-17,7.0,0.0,0.0
C18B,19.0,4.0,-66.53,89.31,amere (fasted),3/3/2023,AntarcticIcebergs_20230303.csv,,,,2023-03-03,-66.56,89.34,2023-02-24,7.0,3.590380862986104,0.5129115518551577
C18B,19.0,4.0,-66.5,88.98,amere (fasted),3/10/2023,AntarcticIcebergs_20230310.csv,,,,2023-03-10,-66.53,89.31,2023-03-03,7.0,14.998665106677388,2.142666443811055
C18B,19.0,4.0,-66.48,88.91,amere (fasted),3/17/2023,AntarcticIcebergs_20230317.csv,,,,2023-03-17,-66.5,88.98,2023-03-10,7.0,3.8192331198989207,0.5456047314141316
C18B,19.0,4.0,-66.37,88.26,,3/24/2023,AntarcticIcebergs_20230324.csv,,,,2023-03-24,-66.48,88.91,2023-03-17,7.0,31.388076449455472,4.484010921350782
C18B,19.0,4.0,-66.25,88.91,,3/31/2023,AntarcticIcebergs_20230331.csv,,,,2023-03-31,-66.37,88.26,2023-03-24,7.0,31.958561959414542,4.5655088513449344
C18B,19.0,4.0,-66.23,89.03,,4/7/2023,AntarcticIcebergs_20230407.csv,,,,2023-04-07,-66.25,88.91,2023-03-31,7.0,5.817952630491193,0.8311360900701704
C18B,19.0,4.0,-65.96,88.04,,4/14/2023,AntarcticIcebergs_20230414.csv,,,,2023-04-14,-66.23,89.03,2023-04-07,7.0,53.769214706340506,7.681316386620073
C18B,19.0,4.0,-65.85,85.85,,4/21/2023,AntarcticIcebergs_20230421.csv,,,,2023-04-21,-65.96,88.04,2023-04-14,7.0,100.16032597819236,14.308617996884623
C18B,19.0,4.0,-66.12,84.3,,4/28/2023,AntarcticIcebergs_20230428.csv,,,,2023-04-28,-65.85,85.85,2023-04-21,7.0,76.2956252325243,10.899375033217757
C18B,19.0,4.0,-66.22,84.16,,5/5/2023,AntarcticIcebergs_20230505.csv,,,,2023-05-05,-66.12,84.3,2023-04-28,7.0,12.775036032737077,1.8250051475338682
C18B,19.0,4.0,-66.21,83.91,,5/12/2023,AntarcticIcebergs_20230512.csv,,,,2023-05-12,-66.22,84.16,2023-05-05,7.0,11.266387395575165,1.609483913653595
C18B,19.0,4.0,-66.16,83.67,,5/19/2023,AntarcticIcebergs_20230519.csv,,,,2023-05-19,-66.21,83.91,2023-05-12,7.0,12.125452806194183,1.7322075437420261
C18B,19.0,4.0,-66.02,83.44,,5/26/2023,AntarcticIcebergs_20230526.csv,,,,2023-05-26,-66.16,83.67,2023-05-19,7.0,18.702494516513656,2.671784930930522
C18B,19.0,4.0,-65.91,82.7,,6/2/2023,AntarcticIcebergs_20230602.csv,,,,2023-06-02,-66.02,83.44,2023-05-26,7.0,35.67594631117074,5.096563758738677
C18B,20.0,4.0,-65.75,81.92,,06/09/2023,AntarcticIcebergs_20230609.csv,,,,2023-06-09,-65.91,82.7,2023-06-02,7.0,39.719035669261494,5.674147952751642
C18B,20.0,4.0,-65.75,81.92,,06/15/2023,AntarcticIcebergs_20230615.csv,,,,2023-06-15,-65.75,81.92,2023-06-09,6.0,0.0,0.0
C18B,19.0,4.0,-65.91,82.7,,6/23/2023,AntarcticIcebergs_20230623.csv,,,,2023-06-23,-65.75,81.92,2023-06-15,8.0,39.719035669261494,4.964879458657687
C18B,20.0,4.0,-65.85,81.72,,06/24/2023,AntarcticIcebergs_20230624.csv,,,,2023-06-24,-65.91,82.7,2023-06-23,1.0,45.027439261345904,45.027439261345904
C18B,20.0,4.0,-65.86,81.78,,06/30/2023,AntarcticIcebergs_20230630.csv,,,,2023-06-30,-65.85,81.72,2023-06-24,6.0,2.946876916135604,0.4911461526892673
C18B,20.0,4.0,-65.85,81.73,,07/07/2023,AntarcticIcebergs_20230707.csv,,,,2023-07-07,-65.86,81.78,2023-06-30,7.0,2.5314841726145163,0.36164059608778804
C18B,20.0,4.0,-65.85,81.73,,07/14/2023,AntarcticIcebergs_20230714.csv,,,,2023-07-14,-65.85,81.73,2023-07-07,7.0,0.0,0.0
C18B,20.0,4.0,-65.85,81.73,,07/21/2023,AntarcticIcebergs_20230721.csv,,,,2023-07-21,-65.85,81.73,2023-07-14,7.0,0.0,0.0
C18B,20.0,4.0,-65.85,81.73,,07/27/2023,AntarcticIcebergs_20230727.csv,,,,2023-07-27,-65.85,81.73,2023-07-21,6.0,0.0,0.0
C18B,19.0,4.0,-65.91,82.7,,7/28/2023,AntarcticIcebergs_20230728.csv,,,,2023-07-28,-65.85,81.73,2023-07-27,1.0,44.57812258791682,44.57812258791682
C18B,20.0,4.0,-65.85,81.75,,08/04/2023,AntarcticIcebergs_20230804.csv,,,,2023-08-04,-65.91,82.7,2023-07-28,7.0,43.679802870982535,6.23997183871179
C18B,20.0,4.0,-65.84,81.8,,08/11/2023,AntarcticIcebergs_20230811.csv,,,,2023-08-11,-65.85,81.75,2023-08-04,7.0,2.532279643076438,0.3617542347252054
C18B,20.0,4.0,-65.87,81.75,,08/18/2023,AntarcticIcebergs_20230818.csv,,,,2023-08-18,-65.84,81.8,2023-08-11,7.0,4.037308486141248,0.5767583551630354
C18B,20.0,4.0,-65.87,81.75,,08/25/2023,AntarcticIcebergs_20230825.csv,,,,2023-08-25,-65.87,81.75,2023-08-18,7.0,0.0,0.0
C18B,20.0,4.0,-65.89,81.81,,09/01/2023,AntarcticIcebergs_20230901.csv,,,,2023-09-01,-65.87,81.75,2023-08-25,7.0,3.5183636815942143,0.5026233830848877
C18B,20.0,4.0,-65.89,81.81,,09/08/2023,AntarcticIcebergs_20230908.csv,,,,2023-09-08,-65.89,81.81,2023-09-01,7.0,0.0,0.0
C18B,20.0,4.0,-65.86,81.72,,09/15/2023,AntarcticIcebergs_20230915.csv,,,,2023-09-15,-65.89,81.81,2023-09-08,7.0,5.278162716037368,0.7540232451481954
C18B,20.0,4.0,-65.82,81.75,,09/22/2023,AntarcticIcebergs_20230922.csv,,,,2023-09-22,-65.86,81.72,2023-09-15,7.0,4.65263217349001,0.6646617390700014
C18B,20.0,4.0,-65.85,81.7,,09/30/2023,AntarcticIcebergs_20230930.csv,,,,2023-09-30,-65.82,81.75,2023-09-22,8.0,4.038306230858398,0.5047882788572997
C18B,20.0,4.0,-65.85,81.72,,10/06/2023,AntarcticIcebergs_20231006.csv,,,,2023-10-06,-65.85,81.7,2023-09-30,6.0,0.9098567152693335,0.15164278587822225
C18B,20.0,4.0,-65.85,81.72,,10/13/2023,AntarcticIcebergs_20231013.csv,,,,2023-10-13,-65.85,81.72,2023-10-06,7.0,0.0,0.0
C18B,20.0,4.0,-65.77,81.64,,10/20/2023,AntarcticIcebergs_20231020.csv,,,,2023-10-20,-65.85,81.72,2023-10-13,7.0,9.613441632631382,1.373348804661626
C18B,20.0,4.0,-65.77,81.64,,10/26/2023,AntarcticIcebergs_20231026.csv,,,,2023-10-26,-65.77,81.64,2023-10-20,6.0,0.0,0.0
C18B,20.0,4.0,-65.77,81.64,,11/03/2023,AntarcticIcebergs_20231103.csv,,,,2023-11-03,-65.77,81.64,2023-10-26,8.0,0.0,0.0
C18B,20.0,4.0,-65.77,81.64,,11/09/2023,AntarcticIcebergs_20231109.csv,,,,2023-11-09,-65.77,81.64,2023-11-03,6.0,0.0,0.0
C18B,20.0,4.0,-65.77,81.64,,11/17/2023,AntarcticIcebergs_20231117.csv,,,,2023-11-17,-65.77,81.64,2023-11-09,8.0,0.0,0.0
C18B,20.0,4.0,-65.78,81.61,,11/24/2023,AntarcticIcebergs_20231124.csv,,,,2023-11-24,-65.77,81.64,2023-11-17,7.0,1.7635072567881604,0.25192960811259435
C18B,20.0,4.0,-65.78,81.61,,12/08/2023,AntarcticIcebergs_20231208.csv,,,,2023-12-08,-65.78,81.61,2023-11-24,14.0,0.0,0.0
C18B,20.0,4.0,-65.71,81.61,,12/15/2023,AntarcticIcebergs_20231215.csv,,,,2023-12-15,-65.78,81.61,2023-12-08,7.0,7.783644865120042,1.1119492664457202
C18B,20.0,4.0,-65.69,81.17,,12/21/2023,AntarcticIcebergs_20231221.csv,,,,2023-12-21,-65.71,81.61,2023-12-15,6.0,20.256063439603565,3.3760105732672607
C18B,20.0,4.0,-65.88,80.91,,12/28/2023,AntarcticIcebergs_20231228.csv,,,,2023-12-28,-65.69,81.17,2023-12-21,7.0,24.22731793870389,3.4610454198148415
C18B,20.0,4.0,-65.88,80.94,,01/04/2024,AntarcticIcebergs_20240104.csv,,,,2024-01-04,-65.88,80.91,2023-12-28,7.0,1.363191103689228,0.19474158624131827
C18B,20.0,4.0,-65.89,80.87,,01/11/2024,AntarcticIcebergs_20240111.csv,,,,2024-01-11,-65.88,80.94,2024-01-04,7.0,3.368952800352077,0.4812789714788681
C18B,20.0,4.0,-65.9,80.67,,01/18/2024,AntarcticIcebergs_20240118.csv,,,,2024-01-18,-65.89,80.87,2024-01-11,7.0,9.150435216427548,1.307205030918221
C18B,20.0,4.0,-65.89,80.65,,01/25/2024,AntarcticIcebergs_20240125.csv,,,,2024-01-25,-65.9,80.67,2024-01-18,7.0,1.4357479572969325,0.20510685104241894
C18B,20.0,4.0,-66.01,80.29,,02/02/2024,AntarcticIcebergs_20240202.csv,,,,2024-02-02,-65.89,80.65,2024-01-25,8.0,21.07555005374384,2.63444375671798
C18B,20.0,4.0,-66.03,80.38,,02/08/2024,AntarcticIcebergs_20240208.csv,,,,2024-02-08,-66.01,80.29,2024-02-02,6.0,4.635535070500222,0.7725891784167036
C18B,20.0,4.0,-66.12,79.96,,02/16/2024,AntarcticIcebergs_20240216.csv,,,,2024-02-16,-66.03,80.38,2024-02-08,8.0,21.420853459882828,2.6776066824853535
C18B,20.0,4.0,-65.97,79.65,,02/23/2024,AntarcticIcebergs_20240223.csv,,,,2024-02-23,-66.12,79.96,2024-02-16,7.0,21.773217414329896,3.1104596306185566
C18B,20.0,4.0,-66.48,78.96,,03/01/2024,AntarcticIcebergs_20240301.csv,,,,2024-03-01,-65.97,79.65,2024-02-23,7.0,64.59552278240531,9.227931826057901
C18B,20.0,4.0,-66.64,78.09,,03/07/2024,AntarcticIcebergs_20240307.csv,,,,2024-03-07,-66.48,78.96,2024-03-01,6.0,42.395075158374034,7.065845859729006
C18B,20.0,4.0,-66.88,77.42,,03/15/2024,AntarcticIcebergs_20240315.csv,,,,2024-03-15,-66.64,78.09,2024-03-07,8.0,39.70290434694842,4.962863043368553
C18B,20.0,4.0,-66.48,78.96,,03/22/2024,AntarcticIcebergs_20240322.csv,,,,2024-03-22,-66.88,77.42,2024-03-15,7.0,81.07388059803738,11.581982942576769
C18B,20.0,4.0,-67.23,77.68,,03/29/2024,AntarcticIcebergs_20240329.csv,,,,2024-03-29,-66.48,78.96,2024-03-22,7.0,100.41794069713924,14.34542009959132
C18B,20.0,4.0,-67.21,77.89,,04/05/2024,AntarcticIcebergs_20240405.csv,,,,2024-04-05,-67.23,77.68,2024-03-29,7.0,9.310821479690901,1.3301173542415572
C18B,20.0,4.0,-67.21,77.89,,04/12/2024,AntarcticIcebergs_20240412.csv,,,,2024-04-12,-67.21,77.89,2024-04-05,7.0,0.0,0.0
C18B,20.0,4.0,-66.98,78.41,,04/19/2024,AntarcticIcebergs_20240419.csv,79.51,60.04,205.94,2024-04-19,-67.21,77.89,2024-04-12,7.0,34.0661366597691,4.866590951395586
C18B,20.0,4.0,-66.99,78.44,,04/26/2024,AntarcticIcebergs_20240426.csv,79.51,60.04,205.94,2024-04-26,-66.98,78.41,2024-04-19,7.0,1.7138931744184356,0.2448418820597765
C18B,20.0,4.0,-67.07,78.34,,05/02/2024,AntarcticIcebergs_20240502.csv,79.51,60.04,205.94,2024-05-02,-66.99,78.44,2024-04-26,6.0,9.897559604670148,1.6495932674450247
C18B,20.0,4.0,-67.07,78.33,,05/09/2024,AntarcticIcebergs_20240509.csv,79.51,60.04,205.94,2024-05-09,-67.07,78.34,2024-05-02,7.0,0.4332223593259183,0.061888908475131184
C18B,20.0,4.0,-67.05,78.34,,05/17/2024,AntarcticIcebergs_20240517.csv,79.51,60.04,205.94,2024-05-17,-67.07,78.33,2024-05-09,8.0,2.265736338342776,0.283217042292847
C18B,20.0,4.0,-67.07,78.33,,05/24/2024,AntarcticIcebergs_20240524.csv,79.51,60.04,205.94,2024-05-24,-67.05,78.34,2024-05-17,7.0,2.265736338342776,0.32367661976325374
C18B,20.0,4.0,-67.07,78.33,,05/31/2024,AntarcticIcebergs_20240531.csv,79.51,60.04,205.94,2024-05-31,-67.07,78.33,2024-05-24,7.0,0.0,0.0
C18B,20.0,4.0,-67.07,78.33,,06/07/2024,AntarcticIcebergs_20240607.csv,79.51,60.04,205.94,2024-06-07,-67.07,78.33,2024-05-31,7.0,0.0,0.0
C18B,20.0,4.0,-67.07,78.33,,06/14/2024,AntarcticIcebergs_20240614.csv,79.51,60.04,205.94,2024-06-14,-67.07,78.33,2024-06-07,7.0,0.0,0.0
C18B,20.0,4.0,-67.07,78.33,,06/21/2024,AntarcticIcebergs_20240621.csv,79.51,60.04,205.94,2024-06-21,-67.07,78.33,2024-06-14,7.0,0.0,0.0
C18B,20.0,4.0,-67.07,78.33,,06/27/2024,AntarcticIcebergs_20240627.csv,79.51,60.04,205.94,2024-06-27,-67.07,78.33,2024-06-21,6.0,0.0,0.0
C18B,20.0,4.0,-67.07,78.33,,07/05/2024,AntarcticIcebergs_20240705.csv,79.51,60.04,205.94,2024-07-05,-67.07,78.33,2024-06-27,8.0,0.0,0.0
C18B,20.0,4.0,-67.07,78.33,,07/12/2024,AntarcticIcebergs_20240712.csv,79.51,60.04,205.94,2024-07-12,-67.07,78.33,2024-07-05,7.0,0.0,0.0
C18B,20.0,4.0,-67.07,78.33,,07/19/2024,AntarcticIcebergs_20240719.csv,79.51,60.04,205.94,2024-07-19,-67.07,78.33,2024-07-12,7.0,0.0,0.0
C18B,20.0,4.0,-67.21,78.22,,07/25/2024,AntarcticIcebergs_20240725.csv,79.51,60.04,205.94,2024-07-25,-67.07,78.33,2024-07-19,6.0,16.276325221825743,2.7127208703042904
C18B,20.0,4.0,-67.07,78.34,,08/02/2024,AntarcticIcebergs_20240802.csv,79.51,60.04,205.94,2024-08-02,-67.21,78.22,2024-07-25,8.0,16.40763527966189,2.050954409957736
C18B,20.0,4.0,-67.07,78.34,,08/08/2024,AntarcticIcebergs_20240808.csv,79.51,60.04,205.94,2024-08-08,-67.07,78.34,2024-08-02,6.0,0.0,0.0
C18B,20.0,4.0,-67.07,78.34,,08/15/2024,AntarcticIcebergs_20240815.csv,79.51,60.04,205.94,2024-08-15,-67.07,78.34,2024-08-08,7.0,0.0,0.0
C18B,20.0,4.0,-67.07,78.34,,08/22/2024,AntarcticIcebergs_20240822.csv,79.51,60.04,205.94,2024-08-22,-67.07,78.34,2024-08-15,7.0,0.0,0.0
C18B,20.0,4.0,-67.07,78.34,,08/29/2024,AntarcticIcebergs_20240829.csv,79.51,60.04,205.94,2024-08-29,-67.07,78.34,2024-08-22,7.0,0.0,0.0
C18B,20.0,4.0,-67.07,78.34,,09/06/2024,AntarcticIcebergs_20240906.csv,79.51,60.04,205.94,2024-09-06,-67.07,78.34,2024-08-29,8.0,0.0,0.0
C18B,20.0,4.0,-67.07,78.33,,09/13/2024,AntarcticIcebergs_20240913.csv,79.51,60.04,205.94,2024-09-13,-67.07,78.34,2024-09-06,7.0,0.4332223593259183,0.061888908475131184
C18B,20.0,4.0,-67.07,78.33,,09/20/2024,AntarcticIcebergs_20240920.csv,79.51,60.04,205.94,2024-09-20,-67.07,78.33,2024-09-13,7.0,0.0,0.0
C18B,20.0,4.0,-67.22,78.29,,09/26/2024,AntarcticIcebergs_20240926.csv,79.51,60.04,205.94,2024-09-26,-67.07,78.33,2024-09-20,6.0,16.76846231821227,2.7947437197020446
C18B,20.0,4.0,-67.22,78.3,,10/04/2024,AntarcticIcebergs_20241004.csv,79.51,60.04,205.94,2024-10-04,-67.22,78.29,2024-09-26,8.0,0.4305398301773686,0.05381747877217107
C18B,20.0,4.0,-67.26,77.88,,10/10/2024,AntarcticIcebergs_20241010.csv,79.51,60.04,205.94,2024-10-10,-67.22,78.3,2024-10-04,6.0,18.607016961779827,3.101169493629971
C18B,20.0,4.0,-67.24,78.1,,10/18/2024,AntarcticIcebergs_20241018.csv,79.51,60.04,205.94,2024-10-18,-67.26,77.88,2024-10-10,8.0,9.717944795536557,1.2147430994420696
C18B,20.0,4.0,-67.17,78.2,,10/25/2024,AntarcticIcebergs_20241025.csv,79.51,60.04,205.94,2024-10-25,-67.24,78.1,2024-10-18,7.0,8.896328108513007,1.270904015501858
C18B,20.0,4.0,-67.16,78.15,,10/31/2024,AntarcticIcebergs_20241031.csv,79.51,60.04,205.94,2024-10-31,-67.17,78.2,2024-10-25,6.0,2.4272926838149016,0.40454878063581695
C18B,20.0,4.0,-67.15,78.16,,11/07/2024,AntarcticIcebergs_20241107.csv,79.51,60.04,205.94,2024-11-07,-67.16,78.15,2024-10-31,7.0,1.1928110987309224,0.17040158553298893
C18B,20.0,4.0,-67.15,78.16,,11/15/2024,AntarcticIcebergs_20241115.csv,79.51,60.04,205.94,2024-11-15,-67.15,78.16,2024-11-07,8.0,0.0,0.0
C18B,20.0,4.0,-67.15,78.16,,11/21/2024,AntarcticIcebergs_20241121.csv,79.51,60.04,205.94,2024-11-21,-67.15,78.16,2024-11-15,6.0,0.0,0.0
C18B,20.0,4.0,-67.15,78.16,,11/28/2024,AntarcticIcebergs_20241128.csv,79.51,60.04,205.94,2024-11-28,-67.15,78.16,2024-11-21,7.0,0.0,0.0
C18B,20.0,4.0,-67.15,78.16,,12/06/2024,AntarcticIcebergs_20241206.csv,79.51,60.04,205.94,2024-12-06,-67.15,78.16,2024-11-28,8.0,0.0,0.0
C18B,20.0,4.0,-67.15,78.16,,12/13/2024,AntarcticIcebergs_20241213.csv,79.51,60.04,205.94,2024-12-13,-67.15,78.16,2024-12-06,7.0,0.0,0.0
C18B,20.0,4.0,-67.15,78.16,,12/20/2024,AntarcticIcebergs_20241220.csv,79.51,60.04,205.94,2024-12-20,-67.15,78.16,2024-12-13,7.0,0.0,0.0
C18B,20.0,4.0,-67.14,78.16,,12/26/2024,AntarcticIcebergs_20241226.csv,79.51,60.04,205.94,2024-12-26,-67.15,78.16,2024-12-20,6.0,1.1119492664469328,0.18532487774115547
C18B,20.0,4.0,-67.15,78.24,,01/02/2025,AntarcticIcebergs_20250102.csv,79.51,60.04,205.94,2025-01-02,-67.14,78.16,2024-12-26,7.0,3.629574545683307,0.5185106493833296
C18B,20.0,4.0,-67.14,78.24,,01/10/2025,AntarcticIcebergs_20250110.csv,79.51,60.04,205.94,2025-01-10,-67.15,78.24,2025-01-02,8.0,1.1119492664469328,0.1389936583058666
C18B,20.0,4.0,-67.16,78.19,,01/16/2025,AntarcticIcebergs_20250116.csv,79.51,60.04,205.94,2025-01-16,-67.14,78.24,2025-01-10,6.0,3.0994891287752835,0.5165815214625472
C18B,20.0,4.0,-67.15,78.17,,01/23/2025,AntarcticIcebergs_20250123.csv,79.51,60.04,205.94,2025-01-23,-67.16,78.19,2025-01-16,7.0,1.4077996131433177,0.2011142304490454
C18B,20.0,4.0,-67.15,78.16,,01/31/2025,AntarcticIcebergs_20250131.csv,75.14,56.74,194.62,2025-01-31,-67.15,78.17,2025-01-23,8.0,0.4317920454520098,0.05397400568150122
C18B,20.0,4.0,-67.14,78.16,,02/06/2025,AntarcticIcebergs_20250206.csv,75.14,56.74,194.62,2025-02-06,-67.15,78.16,2025-01-31,6.0,1.1119492664469328,0.18532487774115547
C18B,20.0,4.0,-67.16,78.18,,02/14/2025,AntarcticIcebergs_20250214.csv,75.14,56.74,194.62,2025-02-14,-67.14,78.16,2025-02-06,8.0,2.3856869086963397,0.29821086358704246
C18B,20.0,4.0,-67.14,78.17,,02/21/2025,AntarcticIcebergs_20250221.csv,75.14,56.74,194.62,2025-02-21,-67.16,78.18,2025-02-14,7.0,2.265429103113457,0.32363272901620815
C18B,20.0,4.0,-67.14,78.17,,02/28/2025,AntarcticIcebergs_20250228.csv,75.14,56.74,194.62,2025-02-28,-67.14,78.17,2025-02-21,7.0,0.0,0.0
C18B,20.0,4.0,-67.14,78.16,,03/06/2025,AntarcticIcebergs_20250306.csv,75.14,56.74,194.62,2025-03-06,-67.14,78.17,2025-02-28,6.0,0.43197088077942447,0.07199514679657075
C18B,20.0,4.0,-67.15,78.19,,03/13/2025,AntarcticIcebergs_20250313.csv,75.59,57.08,195.77,2025-03-13,-67.14,78.16,2025-03-06,7.0,1.7073738496339095,0.24391054994770137
C18B,20.0,4.0,-67.17,78.22,,03/21/2025,AntarcticIcebergs_20250321.csv,75.59,57.08,195.77,2025-03-21,-67.15,78.19,2025-03-13,8.0,2.5733895773764126,0.3216736971720516
C18B,20.0,4.0,-67.17,78.19,,03/27/2025,AntarcticIcebergs_20250327.csv,75.59,57.08,195.77,2025-03-27,-67.17,78.22,2025-03-21,6.0,1.2943029948658724,0.21571716581097874
C18B,20.0,4.0,-67.14,78.17,,04/04/2025,AntarcticIcebergs_20250404.csv,75.59,57.08,195.77,2025-04-04,-67.17,78.19,2025-03-27,8.0,3.445772605517633,0.43072157568970415
C18B,20.0,4.0,-67.16,78.2,,04/11/2025,AntarcticIcebergs_20250411.csv,75.59,57.08,195.77,2025-04-11,-67.14,78.17,2025-04-04,7.0,2.573659590039222,0.36766565571988885
C18B,20.0,4.0,-67.17,78.23,,04/18/2025,AntarcticIcebergs_20250418.csv,75.59,57.08,195.77,2025-04-18,-67.16,78.2,2025-04-11,7.0,1.7065596753699004,0.2437942393385572
C18B,20.0,4.0,-67.15,78.19,,04/24/2025,AntarcticIcebergs_20250424.csv,75.59,57.08,195.77,2025-04-24,-67.17,78.23,2025-04-18,6.0,2.8153797745437275,0.4692299624239546
C18B,20.0,4.0,-67.15,78.19,,05/02/2025,AntarcticIcebergs_20250502.csv,75.59,57.08,195.77,2025-05-02,-67.15,78.19,2025-04-24,8.0,0.0,0.0
C18B,20.0,4.0,-67.18,78.15,,05/09/2025,AntarcticIcebergs_20250509.csv,75.59,57.08,195.77,2025-05-09,-67.15,78.19,2025-05-02,7.0,3.755966376186106,0.5365666251694438
C18B,20.0,4.0,-67.15,78.18,,05/16/2025,AntarcticIcebergs_20250516.csv,75.59,57.08,195.77,2025-05-16,-67.18,78.15,2025-05-09,7.0,3.578239048038072,0.5111770068625817
C18B,20.0,4.0,-67.19,78.14,,05/22/2025,AntarcticIcebergs_20250522.csv,75.59,57.08,195.77,2025-05-22,-67.15,78.18,2025-05-16,6.0,4.770855881797653,0.7951426469662755
C18B,20.0,4.0,-67.16,78.14,,05/29/2025,AntarcticIcebergs_20250529.csv,75.59,57.08,195.77,2025-05-29,-67.19,78.14,2025-05-22,7.0,3.3358477993365545,0.4765496856195078
C18B,20.0,4.0,-67.47,77.74,,06/05/2025,AntarcticIcebergs_20250605.csv,75.59,57.08,195.77,2025-06-05,-67.16,78.14,2025-05-29,7.0,38.502485914164865,5.500355130594981
C18B,20.0,4.0,-67.55,77.91,,06/12/2025,AntarcticIcebergs_20250612.csv,75.59,57.08,195.77,2025-06-12,-67.47,77.74,2025-06-05,7.0,11.46372002217712,1.6376742888824456
C18B,20.0,4.0,-67.2,78.07,,06/20/2025,AntarcticIcebergs_20250620.csv,75.59,57.08,195.77,2025-06-20,-67.55,77.91,2025-06-12,8.0,39.51542826637228,4.939428533296535
C18B,20.0,4.0,-68.28,77.58,,06/27/2025,AntarcticIcebergs_20250627.csv,75.59,57.08,195.77,2025-06-27,-67.2,78.07,2025-06-20,7.0,121.85026992398365,17.40718141771195
C18B,20.0,4.0,-68.61,75.79,,07/04/2025,AntarcticIcebergs_20250704.csv,75.59,57.08,195.77,2025-07-04,-68.28,77.58,2025-06-27,7.0,81.81181259061186,11.687401798658838
C18B,20.0,4.0,-68.64,75.15,,07/11/2025,AntarcticIcebergs_20250711.csv,75.59,57.08,195.77,2025-07-11,-68.61,75.79,2025-07-04,7.0,26.150965042947654,3.735852148992522
C18B,20.0,4.0,-68.57,74.04,,07/18/2025,AntarcticIcebergs_20250718.csv,75.59,57.08,195.77,2025-07-18,-68.64,75.15,2025-07-11,7.0,45.692565426817225,6.527509346688175
C18B,20.0,4.0,-68.04,72.75,,07/24/2025,AntarcticIcebergs_20250724.csv,75.59,57.08,195.77,2025-07-24,-68.57,74.04,2025-07-18,6.0,79.27372668312508,13.212287780520846
C18B,20.0,4.0,-68.03,71.19,,07/31/2025,AntarcticIcebergs_20250731.csv,75.59,57.08,195.77,2025-07-31,-68.04,72.75,2025-07-24,7.0,64.89033316470147,9.270047594957353
C18B,20.0,4.0,-67.25,70.92,,08/08/2025,AntarcticIcebergs_20250808.csv,75.59,57.08,195.77,2025-08-08,-68.03,71.19,2025-07-31,8.0,87.48060717411641,10.935075896764552
C18B,20.0,4.0,-66.97,69.06,,08/14/2025,AntarcticIcebergs_20250814.csv,75.59,57.08,195.77,2025-08-14,-67.25,70.92,2025-08-08,6.0,86.25698115301456,14.376163525502427
C18B,20.0,4.0,-66.98,67.66,,08/21/2025,AntarcticIcebergs_20250821.csv,75.59,57.08,195.77,2025-08-21,-66.97,69.06,2025-08-14,7.0,60.897634639830244,8.69966209140432
C18B,20.0,4.0,-66.91,65.4,,08/28/2025,AntarcticIcebergs_20250828.csv,75.59,57.08,195.77,2025-08-28,-66.98,67.66,2025-08-21,7.0,98.71478958296086,14.102112797565837
C18B,20.0,4.0,-66.91,65.4,,09/04/2025,AntarcticIcebergs_20250904.csv,75.59,57.08,195.77,2025-09-04,-66.91,65.4,2025-08-28,7.0,0.0,0.0
C18B,20.0,4.0,-66.91,65.4,,09/11/2025,AntarcticIcebergs_20250911.csv,75.59,57.08,195.77,2025-09-11,-66.91,65.4,2025-09-04,7.0,0.0,0.0
C18B,20.0,4.0,-66.91,65.4,,09/18/2025,AntarcticIcebergs_20250918.csv,75.59,57.08,195.77,2025-09-18,-66.91,65.4,2025-09-11,7.0,0.0,0.0
C18B,20.0,4.0,-66.91,65.4,,09/26/2025,AntarcticIcebergs_20250926.csv,75.59,57.08,195.77,2025-09-26,-66.91,65.4,2025-09-18,8.0,0.0,0.0
C18B,20.0,4.0,-66.91,65.4,,10/09/2025,AntarcticIcebergs_20251009.csv,75.59,57.08,195.77,2025-10-09,-66.91,65.4,2025-09-26,13.0,0.0,0.0
C18B,20.0,4.0,-66.91,65.4,,10/16/2025,AntarcticIcebergs_20251016.csv,75.59,57.08,195.77,2025-10-16,-66.91,65.4,2025-10-09,7.0,0.0,0.0
C18B,20.0,4.0,-66.91,65.4,,10/23/2025,AntarcticIcebergs_20251023.csv,75.59,57.08,195.77,2025-10-23,-66.91,65.4,2025-10-16,7.0,0.0,0.0
C18B,10.0,4.0,-66.89,65.07,,10/31/2025,AntarcticIcebergs_20251031.csv,42.93,32.42,111.2,2025-10-31,-66.91,65.4,2025-10-23,8.0,14.567283178207344,1.820910397275918
C18B,10.0,4.0,-66.57,62.79,,11/07/2025,AntarcticIcebergs_20251107.csv,42.93,32.42,111.2,2025-11-07,-66.89,65.07,2025-10-31,7.0,106.2839013855669,15.183414483652415
C18B,10.0,4.0,-66.49,61.17,,11/14/2025,AntarcticIcebergs_20251114.csv,42.93,32.42,111.2,2025-11-14,-66.57,62.79,2025-11-07,7.0,72.28976985900734,10.327109979858191
C18B,10.0,4.0,-66.53,59.84,,11/21/2025,AntarcticIcebergs_20251121.csv,42.93,32.42,111.2,2025-11-21,-66.49,61.17,2025-11-14,7.0,59.1134640616818,8.444780580240257
C18B,10.0,4.0,-66.02,57.65,,11/28/2025,AntarcticIcebergs_20251128.csv,42.93,32.42,111.2,2025-11-28,-66.53,59.84,2025-11-21,7.0,113.19756370019917,16.17108052859988
C18B,10.0,4.0,-65.76,56.52,,12/05/2025,AntarcticIcebergs_20251205.csv,42.93,32.42,111.2,2025-12-05,-66.02,57.65,2025-11-28,7.0,58.90780543948685,8.41540077706955
C18B,10.0,4.0,-65.62,55.73,,12/12/2025,AntarcticIcebergs_20251212.csv,42.93,32.42,111.2,2025-12-12,-65.76,56.52,2025-12-05,7.0,39.3710340035009,5.624433429071558
C18B,10.0,4.0,-65.64,54.33,,12/18/2025,AntarcticIcebergs_20251218.csv,42.93,32.42,111.2,2025-12-18,-65.62,55.73,2025-12-12,6.0,64.27208014350097,10.712013357250163
C18B,10.0,4.0,-65.65,54.36,,12/26/2025,AntarcticIcebergs_20251226.csv,42.93,32.42,111.2,2025-12-26,-65.64,54.33,2025-12-18,8.0,1.7688671722745328,0.2211083965343166
C18C,10.0,4.0,-66.89,65.58,,10/31/2025,AntarcticIcebergs_20251031.csv,34.34,25.93,88.93,2025-10-31,,,,,,
C18C,10.0,2.0,-66.86,65.36,,11/07/2025,AntarcticIcebergs_20251107.csv,24.93,18.83,64.58,2025-11-07,-66.89,65.58,2025-10-31,7.0,10.170156501655368,1.4528795002364812
C18C,10.0,2.0,-66.73,63.9,,11/14/2025,AntarcticIcebergs_20251114.csv,24.93,18.83,64.58,2025-11-14,-66.86,65.36,2025-11-07,7.0,65.57867497037347,9.368382138624781
C18C,10.0,2.0,-66.63,62.44,,11/21/2025,AntarcticIcebergs_20251121.csv,24.93,18.83,64.58,2025-11-21,-66.73,63.9,2025-11-14,7.0,65.2199938976151,9.317141985373585
C18C,10.0,2.0,-66.75,60.51,,11/28/2025,AntarcticIcebergs_20251128.csv,24.93,18.83,64.58,2025-11-28,-66.63,62.44,2025-11-21,7.0,85.95922566067462,12.279889380096375
C18C,10.0,2.0,-66.43,58.76,,12/05/2025,AntarcticIcebergs_20251205.csv,24.93,18.83,64.58,2025-12-05,-66.75,60.51,2025-11-28,7.0,85.10400379438202,12.15771482776886
C18C,10.0,2.0,-66.1,57.75,,12/12/2025,AntarcticIcebergs_20251212.csv,24.03,18.14,62.23,2025-12-12,-66.43,58.76,2025-12-05,7.0,58.221692377450424,8.31738462535006
C18C,10.0,2.0,-65.94,57.17,,12/18/2025,AntarcticIcebergs_20251218.csv,24.03,18.14,62.23,2025-12-18,-66.1,57.75,2025-12-12,6.0,31.678655051708585,5.279775841951431
C18C,10.0,2.0,-65.81,56.88,,12/26/2025,AntarcticIcebergs_20251226.csv,24.03,18.14,62.23,2025-12-26,-65.94,57.17,2025-12-18,8.0,19.56195140102686,2.4452439251283575
C38B,8.0,7.0,-66.16,88.4,,04/24/2025,AntarcticIcebergs_20250424.csv,15.62,11.79,40.45,2025-04-24,,,,,,
C38B,8.0,7.0,-66.04,88.03,,05/02/2025,AntarcticIcebergs_20250502.csv,15.62,11.79,40.45,2025-05-02,-66.16,88.4,2025-04-24,8.0,21.351315766326273,2.668914470790784
C38B,8.0,7.0,-65.83,87.39,,05/09/2025,AntarcticIcebergs_20250509.csv,15.62,11.79,40.45,2025-05-09,-66.04,88.03,2025-05-02,7.0,37.24713250603737,5.32101892943391
C38B,8.0,7.0,-65.91,86.1,,05/16/2025,AntarcticIcebergs_20250516.csv,15.62,11.79,40.45,2025-05-16,-65.83,87.39,2025-05-09,7.0,59.30985679040666,8.47283668434381
C38B,8.0,7.0,-65.91,86.1,,05/22/2025,AntarcticIcebergs_20250522.csv,15.62,11.79,40.45,2025-05-22,-65.91,86.1,2025-05-16,6.0,0.0,0.0
C38B,8.0,7.0,-65.96,85.54,,05/29/2025,AntarcticIcebergs_20250529.csv,15.62,11.79,40.45,2025-05-29,-65.91,86.1,2025-05-22,7.0,25.993126092852304,3.713303727550329
C38B,8.0,7.0,-66.42,84.36,,06/05/2025,AntarcticIcebergs_20250605.csv,15.0,11.33,38.85,2025-06-05,-65.96,85.54,2025-05-29,7.0,73.63282809765889,10.518975442522699
C38B,8.0,7.0,-66.42,84.36,,06/12/2025,AntarcticIcebergs_20250612.csv,15.0,11.33,38.85,2025-06-12,-66.42,84.36,2025-06-05,7.0,0.0,0.0
C38B,8.0,7.0,-66.35,83.13,,06/20/2025,AntarcticIcebergs_20250620.csv,15.0,11.33,38.85,2025-06-20,-66.42,84.36,2025-06-12,8.0,55.33765837958085,6.917207297447606
C38B,8.0,7.0,-66.38,83.17,,06/27/2025,AntarcticIcebergs_20250627.csv,15.0,11.33,38.85,2025-06-27,-66.35,83.13,2025-06-20,7.0,3.7825310623968877,0.5403615803424126
C38B,8.0,7.0,-66.17,82.8,,07/04/2025,AntarcticIcebergs_20250704.csv,15.0,11.33,38.85,2025-07-04,-66.38,83.17,2025-06-27,7.0,28.622998095425,4.088999727917857
C38B,8.0,7.0,-66.15,82.77,,07/11/2025,AntarcticIcebergs_20250711.csv,15.0,11.33,38.85,2025-07-11,-66.17,82.8,2025-07-04,7.0,2.600697391473916,0.371528198781988
C38B,8.0,7.0,-66.04,82.45,,07/18/2025,AntarcticIcebergs_20250718.csv,15.0,11.33,38.85,2025-07-18,-66.15,82.77,2025-07-11,7.0,18.90784823383645,2.70112117626235
C38B,8.0,7.0,-65.97,82.37,,07/24/2025,AntarcticIcebergs_20250724.csv,15.0,11.33,38.85,2025-07-24,-66.04,82.45,2025-07-18,6.0,8.58318585083765,1.4305309751396083
C38B,8.0,7.0,-66.06,82.12,,07/31/2025,AntarcticIcebergs_20250731.csv,15.0,11.33,38.85,2025-07-31,-65.97,82.37,2025-07-24,7.0,15.094466069641758,2.1563522956631083
C38B,8.0,7.0,-65.92,82.06,,08/08/2025,AntarcticIcebergs_20250808.csv,15.0,11.33,38.85,2025-08-08,-66.06,82.12,2025-07-31,8.0,15.802214219754843,1.9752767774693554
C38B,8.0,7.0,-65.92,82.1,,08/14/2025,AntarcticIcebergs_20250814.csv,15.0,11.33,38.85,2025-08-14,-65.92,82.06,2025-08-08,6.0,1.8147536395465975,0.3024589399244329
C38B,8.0,7.0,-65.83,81.88,,08/21/2025,AntarcticIcebergs_20250821.csv,15.0,11.33,38.85,2025-08-21,-65.92,82.1,2025-08-14,7.0,14.14652468596018,2.0209320979943115
C38B,8.0,7.0,-65.79,81.55,,08/28/2025,AntarcticIcebergs_20250828.csv,15.0,11.33,38.85,2025-08-28,-65.83,81.88,2025-08-21,7.0,15.680043261908178,2.240006180272597
C38B,8.0,7.0,-66.0,81.15,,09/04/2025,AntarcticIcebergs_20250904.csv,15.0,11.33,38.85,2025-09-04,-65.79,81.55,2025-08-28,7.0,29.584380189245202,4.226340027035029
C38B,8.0,7.0,-66.0,81.15,,09/11/2025,AntarcticIcebergs_20250911.csv,15.0,11.33,38.85,2025-09-11,-66.0,81.15,2025-09-04,7.0,0.0,0.0
C38B,8.0,7.0,-65.99,81.1,,09/18/2025,AntarcticIcebergs_20250918.csv,15.0,11.33,38.85,2025-09-18,-66.0,81.15,2025-09-11,7.0,2.5203473690910805,0.36004962415586866
C38B,8.0,7.0,-66.03,81.08,,09/26/2025,AntarcticIcebergs_20250926.csv,15.0,11.33,38.85,2025-09-26,-65.99,81.1,2025-09-18,8.0,4.538772001688414,0.5673465002110517
C38B,8.0,7.0,-66.23,80.36,,10/09/2025,AntarcticIcebergs_20251009.csv,15.0,11.33,38.85,2025-10-09,-66.03,81.08,2025-09-26,13.0,39.29552226338761,3.022732481799047
C38B,8.0,7.0,-66.23,80.36,,10/16/2025,AntarcticIcebergs_20251016.csv,15.0,11.33,38.85,2025-10-16,-66.23,80.36,2025-10-09,7.0,0.0,0.0
C38B,8.0,7.0,-66.23,80.36,,10/23/2025,AntarcticIcebergs_20251023.csv,15.0,11.33,38.85,2025-10-23,-66.23,80.36,2025-10-16,7.0,0.0,0.0
C38B,8.0,7.0,-66.22,80.41,,10/31/2025,AntarcticIcebergs_20251031.csv,15.0,11.33,38.85,2025-10-31,-66.23,80.36,2025-10-23,8.0,2.5020508281246983,0.3127563535155873
C38B,8.0,7.0,-66.22,80.41,,11/07/2025,AntarcticIcebergs_20251107.csv,15.0,11.33,38.85,2025-11-07,-66.22,80.41,2025-10-31,7.0,0.0,0.0
C38B,8.0,7.0,-66.21,80.43,,11/14/2025,AntarcticIcebergs_20251114.csv,15.0,11.33,38.85,2025-11-14,-66.22,80.41,2025-11-07,7.0,1.4285939161220405,0.2040848451602915
C38B,8.0,7.0,-66.21,80.43,,11/21/2025,AntarcticIcebergs_20251121.csv,15.0,11.33,38.85,2025-11-21,-66.21,80.43,2025-11-14,7.0,0.0,0.0
C38B,8.0,7.0,-66.21,80.43,,11/28/2025,AntarcticIcebergs_20251128.csv,15.0,11.33,38.85,2025-11-28,-66.21,80.43,2025-11-21,7.0,0.0,0.0
C38B,8.0,7.0,-66.22,80.37,,12/05/2025,AntarcticIcebergs_20251205.csv,15.0,11.33,38.85,2025-12-05,-66.21,80.43,2025-11-28,7.0,2.9114387049961086,0.4159198149994441
C39,15.0,8.0,-65.8,89.37,,05/29/2025,AntarcticIcebergs_20250529.csv,69.21,52.26,179.24,2025-05-29,,,,,,
C39,15.0,8.0,-65.96,85.51,,06/05/2025,AntarcticIcebergs_20250605.csv,37.68,28.45,97.59,2025-06-05,-65.8,89.37,2025-05-29,7.0,176.26886540971256,25.181266487101794
C39,15.0,8.0,-65.99,85.16,,06/12/2025,AntarcticIcebergs_20250612.csv,37.68,28.45,97.59,2025-06-12,-65.96,85.51,2025-06-05,7.0,16.192298007701787,2.313185429671684
C39,15.0,8.0,-66.28,84.07,,06/20/2025,AntarcticIcebergs_20250620.csv,37.68,28.45,97.59,2025-06-20,-65.99,85.16,2025-06-12,8.0,58.68789274717173,7.335986593396466
C39,15.0,8.0,-66.3,83.91,,06/27/2025,AntarcticIcebergs_20250627.csv,37.68,28.45,97.59,2025-06-27,-66.28,84.07,2025-06-20,7.0,7.491662008516847,1.070237429788121
C39,15.0,8.0,-66.07,83.12,,07/04/2025,AntarcticIcebergs_20250704.csv,37.68,28.45,97.59,2025-07-04,-66.3,83.91,2025-06-27,7.0,43.72817847102346,6.246882638717637
C39,15.0,8.0,-66.03,83.06,,07/11/2025,AntarcticIcebergs_20250711.csv,37.68,28.45,97.59,2025-07-11,-66.07,83.12,2025-07-04,7.0,5.207475374667805,0.7439250535239721
C39,15.0,8.0,-65.96,82.71,,07/18/2025,AntarcticIcebergs_20250718.csv,37.68,28.45,97.59,2025-07-18,-66.03,83.06,2025-07-11,7.0,17.64239956469435,2.5203427949563357
C39,15.0,8.0,-65.79,82.72,,07/24/2025,AntarcticIcebergs_20250724.csv,37.68,28.45,97.59,2025-07-24,-65.96,82.71,2025-07-18,6.0,18.90860024446294,3.1514333740771563
C39,15.0,8.0,-65.8,81.85,,07/31/2025,AntarcticIcebergs_20250731.csv,37.68,28.45,97.59,2025-07-31,-65.79,82.72,2025-07-24,7.0,39.67875053204131,5.668392933148759
C39,15.0,8.0,-65.78,81.84,,08/08/2025,AntarcticIcebergs_20250808.csv,37.68,28.45,97.59,2025-08-08,-65.8,81.85,2025-07-31,8.0,2.2701656552446625,0.2837707069055828
C39,15.0,8.0,-65.78,81.7,,08/14/2025,AntarcticIcebergs_20250814.csv,37.68,28.45,97.59,2025-08-14,-65.78,81.84,2025-08-08,6.0,6.386345393805471,1.0643908989675785
C39,15.0,8.0,-65.68,81.33,,08/21/2025,AntarcticIcebergs_20250821.csv,37.68,28.45,97.59,2025-08-21,-65.78,81.7,2025-08-14,7.0,20.239095592372077,2.891299370338868
C39,15.0,8.0,-66.01,81.04,,08/28/2025,AntarcticIcebergs_20250828.csv,37.68,28.45,97.59,2025-08-28,-65.68,81.33,2025-08-21,7.0,38.99469880161507,5.570671257373582
C39,15.0,8.0,-66.17,80.3,,09/04/2025,AntarcticIcebergs_20250904.csv,37.68,28.45,97.59,2025-09-04,-66.01,81.04,2025-08-28,7.0,37.7983793964172,5.399768485202457
C39,15.0,8.0,-66.17,80.41,,09/11/2025,AntarcticIcebergs_20250911.csv,37.68,28.45,97.59,2025-09-11,-66.17,80.3,2025-09-04,7.0,4.941799285318822,0.7059713264741175
C39,15.0,8.0,-66.15,80.41,,09/18/2025,AntarcticIcebergs_20250918.csv,37.68,28.45,97.59,2025-09-18,-66.17,80.41,2025-09-11,7.0,2.2238985328910363,0.31769979041300517
C39,15.0,8.0,-66.14,80.3,,09/26/2025,AntarcticIcebergs_20250926.csv,37.68,28.45,97.59,2025-09-26,-66.15,80.41,2025-09-18,8.0,5.070116478612332,0.6337645598265415
C39,15.0,8.0,-66.56,77.76,,10/09/2025,AntarcticIcebergs_20251009.csv,37.68,28.45,97.59,2025-10-09,-66.14,80.3,2025-09-26,13.0,122.53522051238491,9.425786193260377
C39,15.0,8.0,-67.03,77.22,,10/16/2025,AntarcticIcebergs_20251016.csv,32.53,24.56,84.25,2025-10-16,-66.56,77.76,2025-10-09,7.0,57.36701548240939,8.195287926058485
C39,15.0,8.0,-67.0,77.33,,10/23/2025,AntarcticIcebergs_20251023.csv,32.53,24.56,84.25,2025-10-23,-67.03,77.22,2025-10-16,7.0,5.825847523566756,0.832263931938108
C39,15.0,8.0,-67.09,77.25,,10/31/2025,AntarcticIcebergs_20251031.csv,32.53,24.56,84.25,2025-10-31,-67.0,77.33,2025-10-23,8.0,10.591850240299221,1.3239812800374027
C39,15.0,8.0,-67.31,77.19,,11/07/2025,AntarcticIcebergs_20251107.csv,32.53,24.56,84.25,2025-11-07,-67.09,77.25,2025-10-31,7.0,24.59912111468922,3.514160159241317
C39,15.0,8.0,-67.43,77.42,,11/14/2025,AntarcticIcebergs_20251114.csv,32.53,24.56,84.25,2025-11-14,-67.31,77.19,2025-11-07,7.0,16.57961776014553,2.368516822877933
C39,15.0,8.0,-67.7,77.49,,11/21/2025,AntarcticIcebergs_20251121.csv,31.55,23.83,81.72,2025-11-21,-67.43,77.42,2025-11-14,7.0,30.169222068028258,4.30988886686118
C39,15.0,8.0,-67.71,77.52,,11/28/2025,AntarcticIcebergs_20251128.csv,31.55,23.83,81.72,2025-11-28,-67.7,77.49,2025-11-21,7.0,1.6846421426155536,0.24066316323079337
C39,15.0,8.0,-67.7,77.47,,12/05/2025,AntarcticIcebergs_20251205.csv,31.55,23.83,81.72,2025-12-05,-67.71,77.52,2025-11-28,7.0,2.384383884695195,0.3406262692421707
C39,15.0,8.0,-67.71,77.5,,12/12/2025,AntarcticIcebergs_20251212.csv,30.92,23.35,80.08,2025-12-12,-67.7,77.47,2025-12-05,7.0,1.6846421426155536,0.24066316323079337
C39,15.0,8.0,-67.71,77.49,,12/18/2025,AntarcticIcebergs_20251218.csv,30.92,23.35,80.08,2025-12-18,-67.71,77.5,2025-12-12,6.0,0.42175643427597087,0.07029273904599515
C39,15.0,8.0,-67.71,77.49,,12/26/2025,AntarcticIcebergs_20251226.csv,30.92,23.35,80.08,2025-12-26,-67.71,77.49,2025-12-18,8.0,0.0,0.0
D32,10.0,9.0,-66.78,70.03,amere,1/6/2023,AntarcticIcebergs_20230106.csv,,,,2023-01-06,,,,,,
D32,10.0,9.0,-66.97,69.09,amere,1/13/2023,AntarcticIcebergs_20230113.csv,,,,2023-01-13,-66.78,70.03,2023-01-06,7.0,46.16729356911272,6.595327652730389
D32,10.0,9.0,-67.02,68.02,amere,1/20/2023,AntarcticIcebergs_20230120.csv,,,,2023-01-20,-66.97,69.09,2023-01-13,7.0,46.82880182263946,6.689828831805637
D32,10.0,9.0,-66.92,67.18,amere,1/27/2023,AntarcticIcebergs_20230127.csv,,,,2023-01-27,-67.02,68.02,2023-01-20,7.0,38.19481821094007,5.456402601562867
D32,10.0,9.0,-66.69,66.44,amere,2/3/2023,AntarcticIcebergs_20230203.csv,,,,2023-02-03,-66.92,67.18,2023-01-27,7.0,41.28381620923597,5.897688029890853
D32,10.0,9.0,-66.68,65.91,amere,2/10/2023,AntarcticIcebergs_20230210.csv,,,,2023-02-10,-66.69,66.44,2023-02-03,7.0,23.35139464855536,3.3359135212221944
D32,10.0,9.0,-66.64,66.0,amere,2/17/2023,AntarcticIcebergs_20230217.csv,,,,2023-02-17,-66.68,65.91,2023-02-10,7.0,5.958435805071803,0.8512051150102575
D32,10.0,9.0,-66.68,65.54,amere,2/24/2023,AntarcticIcebergs_20230224.csv,,,,2023-02-24,-66.64,66.0,2023-02-17,7.0,20.747129425761788,2.963875632251684
D32,10.0,9.0,-66.65,65.6,amere,3/3/2023,AntarcticIcebergs_20230303.csv,,,,2023-03-03,-66.68,65.54,2023-02-24,7.0,4.255790201072414,0.6079700287246306
D32,10.0,9.0,-66.73,64.91,amere,3/10/2023,AntarcticIcebergs_20230310.csv,,,,2023-03-10,-66.65,65.6,2023-03-03,7.0,31.63651705533297,4.519502436476139
D32,10.0,9.0,-66.65,64.93,amere,3/17/2023,AntarcticIcebergs_20230317.csv,,,,2023-03-17,-66.73,64.91,2023-03-10,7.0,8.939016141377977,1.2770023059111395
D32,10.0,9.0,-66.5,65.25,,3/24/2023,AntarcticIcebergs_20230324.csv,,,,2023-03-24,-66.65,64.93,2023-03-17,7.0,21.869975725412935,3.1242822464875624
D32,10.0,9.0,-66.55,64.88,,3/31/2023,AntarcticIcebergs_20230331.csv,,,,2023-03-31,-66.5,65.25,2023-03-24,7.0,17.306252288085393,2.4723217554407704
D32,10.0,9.0,-66.57,63.87,,4/7/2023,AntarcticIcebergs_20230407.csv,,,,2023-04-07,-66.55,64.88,2023-03-31,7.0,44.729213179542754,6.389887597077537
D32,10.0,9.0,-66.79,61.47,,4/14/2023,AntarcticIcebergs_20230414.csv,,,,2023-04-14,-66.57,63.87,2023-04-07,7.0,108.43181744668634,15.490259635240905
D32,10.0,9.0,-66.63,59.41,,4/21/2023,AntarcticIcebergs_20230421.csv,,,,2023-04-21,-66.79,61.47,2023-04-14,7.0,92.29393069872738,13.18484724267534
D32,10.0,9.0,-65.95,57.37,,4/28/2023,AntarcticIcebergs_20230428.csv,,,,2023-04-28,-66.63,59.41,2023-04-21,7.0,118.46831321565136,16.924044745093052
D32,10.0,9.0,-65.65,55.56,,5/5/2023,AntarcticIcebergs_20230505.csv,,,,2023-05-05,-65.95,57.37,2023-04-28,7.0,88.98704554188068,12.712435077411525
D32,10.0,9.0,-65.65,55.56,,5/12/2023,AntarcticIcebergs_20230512.csv,,,,2023-05-12,-65.65,55.56,2023-05-05,7.0,0.0,0.0
D32,10.0,9.0,-65.65,55.56,,5/19/2023,AntarcticIcebergs_20230519.csv,,,,2023-05-19,-65.65,55.56,2023-05-12,7.0,0.0,0.0
D32,10.0,9.0,-65.64,55.49,,5/26/2023,AntarcticIcebergs_20230526.csv,,,,2023-05-26,-65.65,55.56,2023-05-19,7.0,3.397031513342695,0.4852902161918136
D32,10.0,9.0,-65.66,55.57,,6/2/2023,AntarcticIcebergs_20230602.csv,,,,2023-06-02,-65.64,55.49,2023-05-26,7.0,4.289292002327134,0.6127560003324477
D32,10.0,9.0,-65.64,55.57,Calved from Amery Ice Shelf,06/09/2023,AntarcticIcebergs_20230609.csv,,,,2023-06-09,-65.66,55.57,2023-06-02,7.0,2.2238985328910363,0.31769979041300517
D32,10.0,9.0,-65.66,55.56,Calved from Amery Ice Shelf,06/15/2023,AntarcticIcebergs_20230615.csv,,,,2023-06-15,-65.64,55.57,2023-06-09,6.0,2.2706644222985877,0.37844407038309796
D32,10.0,9.0,-65.66,55.57,,6/23/2023,AntarcticIcebergs_20230623.csv,,,,2023-06-23,-65.66,55.56,2023-06-15,8.0,0.4582904876772929,0.057286310959661614
D32,10.0,9.0,-65.64,55.59,Calved from Amery Ice Shelf,06/24/2023,AntarcticIcebergs_20230624.csv,,,,2023-06-24,-65.66,55.57,2023-06-23,1.0,2.4055131709619166,2.4055131709619166
D32,10.0,9.0,-65.64,55.59,Calved from Amery Ice Shelf,06/30/2023,AntarcticIcebergs_20230630.csv,,,,2023-06-30,-65.64,55.59,2023-06-24,6.0,0.0,0.0
D32,10.0,9.0,-65.64,55.59,Calved from Amery Ice Shelf,07/07/2023,AntarcticIcebergs_20230707.csv,,,,2023-07-07,-65.64,55.59,2023-06-30,7.0,0.0,0.0
D32,10.0,9.0,-65.64,55.56,Calved from Amery Ice Shelf,07/14/2023,AntarcticIcebergs_20230714.csv,,,,2023-07-14,-65.64,55.59,2023-07-07,7.0,1.3759322986819154,0.19656175695455932
D32,10.0,9.0,-65.64,55.56,Calved from Amery Ice Shelf,07/21/2023,AntarcticIcebergs_20230721.csv,,,,2023-07-21,-65.64,55.56,2023-07-14,7.0,0.0,0.0
D32,10.0,9.0,-65.64,55.56,Calved from Amery Ice Shelf,07/27/2023,AntarcticIcebergs_20230727.csv,,,,2023-07-27,-65.64,55.56,2023-07-21,6.0,0.0,0.0
D32,10.0,9.0,-65.66,55.57,,7/28/2023,AntarcticIcebergs_20230728.csv,,,,2023-07-28,-65.64,55.56,2023-07-27,1.0,2.2706644222985877,2.2706644222985877
D32,10.0,9.0,-65.65,55.56,Calved from Amery Ice Shelf,08/04/2023,AntarcticIcebergs_20230804.csv,,,,2023-08-04,-65.66,55.57,2023-07-28,7.0,1.202722900702731,0.17181755724324727
D32,10.0,9.0,-65.64,55.56,Calved from Amery Ice Shelf,08/11/2023,AntarcticIcebergs_20230811.csv,,,,2023-08-11,-65.65,55.56,2023-08-04,7.0,1.1119492664469328,0.1588498952067047
D32,10.0,9.0,-65.64,55.56,Calved from Amery Ice Shelf,08/18/2023,AntarcticIcebergs_20230818.csv,,,,2023-08-18,-65.64,55.56,2023-08-11,7.0,0.0,0.0
D32,10.0,9.0,-65.64,55.56,Calved from Amery Ice Shelf,08/25/2023,AntarcticIcebergs_20230825.csv,,,,2023-08-25,-65.64,55.56,2023-08-18,7.0,0.0,0.0
D32,10.0,9.0,-65.64,55.56,Calved from Amery Ice Shelf,09/01/2023,AntarcticIcebergs_20230901.csv,,,,2023-09-01,-65.64,55.56,2023-08-25,7.0,0.0,0.0
D32,10.0,9.0,-65.64,55.56,Calved from Amery Ice Shelf,09/08/2023,AntarcticIcebergs_20230908.csv,,,,2023-09-08,-65.64,55.56,2023-09-01,7.0,0.0,0.0
D32,10.0,9.0,-65.64,55.56,Calved from Amery Ice Shelf,09/15/2023,AntarcticIcebergs_20230915.csv,,,,2023-09-15,-65.64,55.56,2023-09-08,7.0,0.0,0.0
D32,10.0,9.0,-65.64,55.56,Calved from Amery Ice Shelf,09/22/2023,AntarcticIcebergs_20230922.csv,,,,2023-09-22,-65.64,55.56,2023-09-15,7.0,0.0,0.0
D32,10.0,9.0,-65.62,55.56,Calved from Amery Ice Shelf,09/30/2023,AntarcticIcebergs_20230930.csv,,,,2023-09-30,-65.64,55.56,2023-09-22,8.0,2.2238985328910363,0.27798731661137954
D32,10.0,9.0,-65.62,55.56,Calved from Amery Ice Shelf,10/06/2023,AntarcticIcebergs_20231006.csv,,,,2023-10-06,-65.62,55.56,2023-09-30,6.0,0.0,0.0
D32,10.0,9.0,-65.62,55.56,Calved from Amery Ice Shelf,10/13/2023,AntarcticIcebergs_20231013.csv,,,,2023-10-13,-65.62,55.56,2023-10-06,7.0,0.0,0.0
D32,10.0,9.0,-65.61,55.56,Calved from Amery Ice Shelf,10/20/2023,AntarcticIcebergs_20231020.csv,,,,2023-10-20,-65.62,55.56,2023-10-13,7.0,1.1119492664455182,0.15884989520650258
D32,10.0,9.0,-65.61,55.56,Calved from Amery Ice Shelf,10/26/2023,AntarcticIcebergs_20231026.csv,,,,2023-10-26,-65.61,55.56,2023-10-20,6.0,0.0,0.0
D32,10.0,9.0,-65.59,55.53,Calved from Amery Ice Shelf,11/03/2023,AntarcticIcebergs_20231103.csv,,,,2023-11-03,-65.61,55.56,2023-10-26,8.0,2.616248422012586,0.32703105275157324
D32,10.0,9.0,-65.59,55.53,Calved from Amery Ice Shelf,11/09/2023,AntarcticIcebergs_20231109.csv,,,,2023-11-09,-65.59,55.53,2023-11-03,6.0,0.0,0.0
D32,10.0,9.0,-65.57,55.49,Calved from Amery Ice Shelf,11/17/2023,AntarcticIcebergs_20231117.csv,,,,2023-11-17,-65.59,55.53,2023-11-09,8.0,2.8856502517713154,0.3607062814714144
D32,10.0,9.0,-65.48,55.13,Calved from Amery Ice Shelf,11/24/2023,AntarcticIcebergs_20231124.csv,,,,2023-11-24,-65.57,55.49,2023-11-17,7.0,19.369818509006322,2.767116929858046
D32,10.0,9.0,-65.41,53.8,Calved from Amery Ice Shelf,12/08/2023,AntarcticIcebergs_20231208.csv,,,,2023-12-08,-65.48,55.13,2023-11-24,14.0,61.94757501790041,4.424826786992886
D32,10.0,9.0,-65.36,53.95,Calved from Amery Ice Shelf,12/15/2023,AntarcticIcebergs_20231215.csv,,,,2023-12-15,-65.41,53.8,2023-12-08,7.0,8.898007186308075,1.2711438837582965
D32,10.0,9.0,-65.32,53.7,Calved from Amery Ice Shelf,12/21/2023,AntarcticIcebergs_20231221.csv,,,,2023-12-21,-65.36,53.95,2023-12-15,6.0,12.422108319374319,2.0703513865623866
D32,10.0,9.0,-65.18,54.28,Calved from Amery Ice Shelf,12/28/2023,AntarcticIcebergs_20231228.csv,,,,2023-12-28,-65.32,53.7,2023-12-21,7.0,31.16672591217857,4.45238941602551
D32,10.0,9.0,-65.07,53.96,Calved from Amery Ice Shelf,01/04/2024,AntarcticIcebergs_20240104.csv,,,,2024-01-04,-65.18,54.28,2023-12-28,7.0,19.329481488635953,2.7613544983765648
D32,10.0,9.0,-65.12,53.58,Calved from Amery Ice Shelf,01/11/2024,AntarcticIcebergs_20240111.csv,,,,2024-01-11,-65.07,53.96,2024-01-04,7.0,18.642146651597788,2.6631638073711126
D32,10.0,9.0,-65.09,53.65,Calved from Amery Ice Shelf,01/18/2024,AntarcticIcebergs_20240118.csv,,,,2024-01-18,-65.12,53.58,2024-01-11,7.0,4.675877824157958,0.6679825463082797
D32,10.0,9.0,-65.1,53.5,Calved from Amery Ice Shelf,01/25/2024,AntarcticIcebergs_20240125.csv,,,,2024-01-25,-65.09,53.65,2024-01-18,7.0,7.11134703063315,1.0159067186618784
D32,10.0,9.0,-65.21,52.63,Calved from Amery Ice Shelf,02/02/2024,AntarcticIcebergs_20240202.csv,,,,2024-02-02,-65.1,53.5,2024-01-25,8.0,42.446659785096756,5.3058324731370945
D32,10.0,9.0,-65.19,52.48,Calved from Amery Ice Shelf,02/08/2024,AntarcticIcebergs_20240208.csv,,,,2024-02-08,-65.21,52.63,2024-02-02,6.0,7.34109600029522,1.2235160000492034
D32,10.0,9.0,-65.01,52.06,Calved from Amery Ice Shelf,02/16/2024,AntarcticIcebergs_20240216.csv,,,,2024-02-16,-65.19,52.48,2024-02-08,8.0,28.0577506269337,3.5072188283667125
D32,10.0,9.0,-64.71,51.95,Calved from Amery Ice Shelf,02/23/2024,AntarcticIcebergs_20240223.csv,,,,2024-02-23,-65.01,52.06,2024-02-16,7.0,33.760756820626135,4.822965260089448
D32,10.0,9.0,-64.66,51.82,Calved from Amery Ice Shelf,03/01/2024,AntarcticIcebergs_20240301.csv,,,,2024-03-01,-64.71,51.95,2024-02-23,7.0,8.313591054141828,1.187655864877404
D32,10.0,9.0,-64.44,51.63,Calved from Amery Ice Shelf,03/07/2024,AntarcticIcebergs_20240307.csv,,,,2024-03-07,-64.66,51.82,2024-03-01,6.0,26.09320628968186,4.3488677149469765
D32,10.0,9.0,-64.61,50.88,Calved from Amery Ice Shelf,03/15/2024,AntarcticIcebergs_20240315.csv,,,,2024-03-15,-64.44,51.63,2024-03-07,8.0,40.54586513278652,5.068233141598315
D32,10.0,9.0,-64.66,51.82,,03/22/2024,AntarcticIcebergs_20240322.csv,,,,2024-03-22,-64.61,50.88,2024-03-15,7.0,45.11942398131941,6.445631997331344
D32,10.0,9.0,-65.03,50.49,,03/29/2024,AntarcticIcebergs_20240329.csv,,,,2024-03-29,-64.66,51.82,2024-03-22,7.0,75.12718012907932,10.732454304154189
D32,10.0,9.0,-65.0,50.18,,04/05/2024,AntarcticIcebergs_20240405.csv,,,,2024-04-05,-65.03,50.49,2024-03-29,7.0,14.936896309700991,2.1338423299572846
D32,10.0,9.0,-65.03,50.25,,04/12/2024,AntarcticIcebergs_20240412.csv,,,,2024-04-12,-65.0,50.18,2024-04-05,7.0,4.683653188183313,0.6690933125976162
D32,10.0,9.0,-65.45,49.91,,04/19/2024,AntarcticIcebergs_20240419.csv,72.58,54.8,187.97,2024-04-19,-65.03,50.25,2024-04-12,7.0,49.31289108152021,7.044698725931459
