Iceberg,start_date,end_date,forecast_days,start_latitude,start_longitude,end_latitude,end_longitude
C18B,2023-01-06,2023-01-13,7,-66.56,89.34,-66.56,89.34
C18B,2023-01-13,2023-01-20,7,-66.56,89.34,-66.56,89.34
C18B,2023-01-20,2023-01-27,7,-66.56,89.34,-66.56,89.34
C18B,2023-01-27,2023-02-03,7,-66.56,89.34,-66.56,89.34
C18B,2023-02-03,2023-02-10,7,-66.56,89.34,-66.56,89.34
C18B,2023-02-10,2023-02-17,7,-66.56,89.34,-66.56,89.34
C18B,2023-02-17,2023-02-24,7,-66.56,89.34,-66.56,89.34
C18B,2023-02-24,2023-03-03,7,-66.56,89.34,-66.53,89.31
C18B,2023-03-03,2023-03-10,7,-66.53,89.31,-66.5,88.98
C18B,2023-03-10,2023-03-17,7,-66.5,88.98,-66.48,88.91
C18B,2023-03-17,2023-03-24,7,-66.48,88.91,-66.37,88.26
C18B,2023-03-24,2023-03-31,7,-66.37,88.26,-66.25,88.91
C18B,2023-03-31,2023-04-07,7,-66.25,88.91,-66.23,89.03
C18B,2023-04-07,2023-04-14,7,-66.23,89.03,-65.96,88.04
C18B,2023-04-14,2023-04-21,7,-65.96,88.04,-65.85,85.85
C18B,2023-04-21,2023-04-28,7,-65.85,85.85,-66.12,84.3
C18B,2023-04-28,2023-05-05,7,-66.12,84.3,-66.22,84.16
C18B,2023-05-05,2023-05-12,7,-66.22,84.16,-66.21,83.91
C18B,2023-05-12,2023-05-19,7,-66.21,83.91,-66.16,83.67
C18B,2023-05-19,2023-05-26,7,-66.16,83.67,-66.02,83.44
C18B,2023-05-26,2023-06-02,7,-66.02,83.44,-65.91,82.7
C18B,2023-06-02,2023-06-09,7,-65.91,82.7,-65.75,81.92
C18B,2023-06-09,2023-06-15,6,-65.75,81.92,-65.75,81.92
C18B,2023-06-15,2023-06-23,8,-65.75,81.92,-65.91,82.7
C18B,2023-06-23,2023-06-24,1,-65.91,82.7,-65.85,81.72
C18B,2023-06-24,2023-06-30,6,-65.85,81.72,-65.86,81.78
C18B,2023-06-30,2023-07-07,7,-65.86,81.78,-65.85,81.73
C18B,2023-07-07,2023-07-14,7,-65.85,81.73,-65.85,81.73
C18B,2023-07-14,2023-07-21,7,-65.85,81.73,-65.85,81.73
C18B,2023-07-21,2023-07-27,6,-65.85,81.73,-65.85,81.73
C18B,2023-07-27,2023-07-28,1,-65.85,81.73,-65.91,82.7
C18B,2023-07-28,2023-08-04,7,-65.91,82.7,-65.85,81.75
C18B,2023-08-04,2023-08-11,7,-65.85,81.75,-65.84,81.8
C18B,2023-08-11,2023-08-18,7,-65.84,81.8,-65.87,81.75
C18B,2023-08-18,2023-08-25,7,-65.87,81.75,-65.87,81.75
C18B,2023-08-25,2023-09-01,7,-65.87,81.75,-65.89,81.81
C18B,2023-09-01,2023-09-08,7,-65.89,81.81,-65.89,81.81
C18B,2023-09-08,2023-09-15,7,-65.89,81.81,-65.86,81.72
C18B,2023-09-15,2023-09-22,7,-65.86,81.72,-65.82,81.75
C18B,2023-09-22,2023-09-30,8,-65.82,81.75,-65.85,81.7
C18B,2023-09-30,2023-10-06,6,-65.85,81.7,-65.85,81.72
C18B,2023-10-06,2023-10-13,7,-65.85,81.72,-65.85,81.72
C18B,2023-10-13,2023-10-20,7,-65.85,81.72,-65.77,81.64
C18B,2023-10-20,2023-10-26,6,-65.77,81.64,-65.77,81.64
C18B,2023-10-26,2023-11-03,8,-65.77,81.64,-65.77,81.64
C18B,2023-11-03,2023-11-09,6,-65.77,81.64,-65.77,81.64
C18B,2023-11-09,2023-11-17,8,-65.77,81.64,-65.77,81.64
C18B,2023-11-17,2023-11-24,7,-65.77,81.64,-65.78,81.61
C18B,2023-11-24,2023-12-08,14,-65.78,81.61,-65.78,81.61
C18B,2023-12-08,2023-12-15,7,-65.78,81.61,-65.71,81.61
C18B,2023-12-15,2023-12-21,6,-65.71,81.61,-65.69,81.17
C18B,2023-12-21,2023-12-28,7,-65.69,81.17,-65.88,80.91
C18B,2023-12-28,2024-01-04,7,-65.88,80.91,-65.88,80.94
C18B,2024-01-04,2024-01-11,7,-65.88,80.94,-65.89,80.87
C18B,2024-01-11,2024-01-18,7,-65.89,80.87,-65.9,80.67
C18B,2024-01-18,2024-01-25,7,-65.9,80.67,-65.89,80.65
C18B,2024-01-25,2024-02-02,8,-65.89,80.65,-66.01,80.29
C18B,2024-02-02,2024-02-08,6,-66.01,80.29,-66.03,80.38
C18B,2024-02-08,2024-02-16,8,-66.03,80.38,-66.12,79.96
C18B,2024-02-16,2024-02-23,7,-66.12,79.96,-65.97,79.65
C18B,2024-02-23,2024-03-01,7,-65.97,79.65,-66.48,78.96
C18B,2024-03-01,2024-03-07,6,-66.48,78.96,-66.64,78.09
C18B,2024-03-07,2024-03-15,8,-66.64,78.09,-66.88,77.42
C18B,2024-03-15,2024-03-22,7,-66.88,77.42,-66.48,78.96
C18B,2024-03-22,2024-03-29,7,-66.48,78.96,-67.23,77.68
C18B,2024-03-29,2024-04-05,7,-67.23,77.68,-67.21,77.89
C18B,2024-04-05,2024-04-12,7,-67.21,77.89,-67.21,77.89
C18B,2024-04-12,2024-04-19,7,-67.21,77.89,-66.98,78.41
C18B,2024-04-19,2024-04-26,7,-66.98,78.41,-66.99,78.44
C18B,2024-04-26,2024-05-02,6,-66.99,78.44,-67.07,78.34
C18B,2024-05-02,2024-05-09,7,-67.07,78.34,-67.07,78.33
C18B,2024-05-09,2024-05-17,8,-67.07,78.33,-67.05,78.34
C18B,2024-05-17,2024-05-24,7,-67.05,78.34,-67.07,78.33
C18B,2024-05-24,2024-05-31,7,-67.07,78.33,-67.07,78.33
C18B,2024-05-31,2024-06-07,7,-67.07,78.33,-67.07,78.33
C18B,2024-06-07,2024-06-14,7,-67.07,78.33,-67.07,78.33
C18B,2024-06-14,2024-06-21,7,-67.07,78.33,-67.07,78.33
C18B,2024-06-21,2024-06-27,6,-67.07,78.33,-67.07,78.33
C18B,2024-06-27,2024-07-05,8,-67.07,78.33,-67.07,78.33
C18B,2024-07-05,2024-07-12,7,-67.07,78.33,-67.07,78.33
C18B,2024-07-12,2024-07-19,7,-67.07,78.33,-67.07,78.33
C18B,2024-07-19,2024-07-25,6,-67.07,78.33,-67.21,78.22
C18B,2024-07-25,2024-08-02,8,-67.21,78.22,-67.07,78.34
C18B,2024-08-02,2024-08-08,6,-67.07,78.34,-67.07,78.34
C18B,2024-08-08,2024-08-15,7,-67.07,78.34,-67.07,78.34
C18B,2024-08-15,2024-08-22,7,-67.07,78.34,-67.07,78.34
C18B,2024-08-22,2024-08-29,7,-67.07,78.34,-67.07,78.34
C18B,2024-08-29,2024-09-06,8,-67.07,78.34,-67.07,78.34
C18B,2024-09-06,2024-09-13,7,-67.07,78.34,-67.07,78.33
C18B,2024-09-13,2024-09-20,7,-67.07,78.33,-67.07,78.33
C18B,2024-09-20,2024-09-26,6,-67.07,78.33,-67.22,78.29
C18B,2024-09-26,2024-10-04,8,-67.22,78.29,-67.22,78.3
C18B,2024-10-04,2024-10-10,6,-67.22,78.3,-67.26,77.88
C18B,2024-10-10,2024-10-18,8,-67.26,77.88,-67.24,78.1
C18B,2024-10-18,2024-10-25,7,-67.24,78.1,-67.17,78.2
C18B,2024-10-25,2024-10-31,6,-67.17,78.2,-67.16,78.15
C18B,2024-10-31,2024-11-07,7,-67.16,78.15,-67.15,78.16
C18B,2024-11-07,2024-11-15,8,-67.15,78.16,-67.15,78.16
C18B,2024-11-15,2024-11-21,6,-67.15,78.16,-67.15,78.16
C18B,2024-11-21,2024-11-28,7,-67.15,78.16,-67.15,78.16
C18B,2024-11-28,2024-12-06,8,-67.15,78.16,-67.15,78.16
C18B,2024-12-06,2024-12-13,7,-67.15,78.16,-67.15,78.16
C18B,2024-12-13,2024-12-20,7,-67.15,78.16,-67.15,78.16
C18B,2024-12-20,2024-12-26,6,-67.15,78.16,-67.14,78.16
C18B,2024-12-26,2025-01-02,7,-67.14,78.16,-67.15,78.24
C18B,2025-01-02,2025-01-10,8,-67.15,78.24,-67.14,78.24
C18B,2025-01-10,2025-01-16,6,-67.14,78.24,-67.16,78.19
C18B,2025-01-16,2025-01-23,7,-67.16,78.19,-67.15,78.17
C18B,2025-01-23,2025-01-31,8,-67.15,78.17,-67.15,78.16
C18B,2025-01-31,2025-02-06,6,-67.15,78.16,-67.14,78.16
C18B,2025-02-06,2025-02-14,8,-67.14,78.16,-67.16,78.18
C18B,2025-02-14,2025-02-21,7,-67.16,78.18,-67.14,78.17
C18B,2025-02-21,2025-02-28,7,-67.14,78.17,-67.14,78.17
C18B,2025-02-28,2025-03-06,6,-67.14,78.17,-67.14,78.16
C18B,2025-03-06,2025-03-13,7,-67.14,78.16,-67.15,78.19
C18B,2025-03-13,2025-03-21,8,-67.15,78.19,-67.17,78.22
C18B,2025-03-21,2025-03-27,6,-67.17,78.22,-67.17,78.19
C18B,2025-03-27,2025-04-04,8,-67.17,78.19,-67.14,78.17
C18B,2025-04-04,2025-04-11,7,-67.14,78.17,-67.16,78.2
C18B,2025-04-11,2025-04-18,7,-67.16,78.2,-67.17,78.23
C18B,2025-04-18,2025-04-24,6,-67.17,78.23,-67.15,78.19
C18B,2025-04-24,2025-05-02,8,-67.15,78.19,-67.15,78.19
C18B,2025-05-02,2025-05-09,7,-67.15,78.19,-67.18,78.15
C18B,2025-05-09,2025-05-16,7,-67.18,78.15,-67.15,78.18
C18B,2025-05-16,2025-05-22,6,-67.15,78.18,-67.19,78.14
C18B,2025-05-22,2025-05-29,7,-67.19,78.14,-67.16,78.14
C18B,2025-05-29,2025-06-05,7,-67.16,78.14,-67.47,77.74
C18B,2025-06-05,2025-06-12,7,-67.47,77.74,-67.55,77.91
C18B,2025-06-12,2025-06-20,8,-67.55,77.91,-67.2,78.07
C18B,2025-06-20,2025-06-27,7,-67.2,78.07,-68.28,77.58
C18B,2025-06-27,2025-07-04,7,-68.28,77.58,-68.61,75.79
C18B,2025-07-04,2025-07-11,7,-68.61,75.79,-68.64,75.15
C18B,2025-07-11,2025-07-18,7,-68.64,75.15,-68.57,74.04
C18B,2025-07-18,2025-07-24,6,-68.57,74.04,-68.04,72.75
C18B,2025-07-24,2025-07-31,7,-68.04,72.75,-68.03,71.19
C18B,2025-07-31,2025-08-08,8,-68.03,71.19,-67.25,70.92
C18B,2025-08-08,2025-08-14,6,-67.25,70.92,-66.97,69.06
C18B,2025-08-14,2025-08-21,7,-66.97,69.06,-66.98,67.66
C18B,2025-08-21,2025-08-28,7,-66.98,67.66,-66.91,65.4
C18B,2025-08-28,2025-09-04,7,-66.91,65.4,-66.91,65.4
C18B,2025-09-04,2025-09-11,7,-66.91,65.4,-66.91,65.4
C18B,2025-09-11,2025-09-18,7,-66.91,65.4,-66.91,65.4
C18B,2025-09-18,2025-09-26,8,-66.91,65.4,-66.91,65.4
C18B,2025-09-26,2025-10-09,13,-66.91,65.4,-66.91,65.4
C18B,2025-10-09,2025-10-16,7,-66.91,65.4,-66.91,65.4
C18B,2025-10-16,2025-10-23,7,-66.91,65.4,-66.91,65.4
C18B,2025-10-23,2025-10-31,8,-66.91,65.4,-66.89,65.07
C18B,2025-10-31,2025-11-07,7,-66.89,65.07,-66.57,62.79
C18B,2025-11-07,2025-11-14,7,-66.57,62.79,-66.49,61.17
C18B,2025-11-14,2025-11-21,7,-66.49,61.17,-66.53,59.84
C18B,2025-11-21,2025-11-28,7,-66.53,59.84,-66.02,57.65
C18B,2025-11-28,2025-12-05,7,-66.02,57.65,-65.76,56.52
C18B,2025-12-05,2025-12-12,7,-65.76,56.52,-65.62,55.73
C18B,2025-12-12,2025-12-18,6,-65.62,55.73,-65.64,54.33
C18B,2025-12-18,2025-12-26,8,-65.64,54.33,-65.65,54.36
D32,2023-01-06,2023-01-13,7,-66.78,70.03,-66.97,69.09
D32,2023-01-13,2023-01-20,7,-66.97,69.09,-67.02,68.02
D32,2023-01-20,2023-01-27,7,-67.02,68.02,-66.92,67.18
D32,2023-01-27,2023-02-03,7,-66.92,67.18,-66.69,66.44
D32,2023-02-03,2023-02-10,7,-66.69,66.44,-66.68,65.91
D32,2023-02-10,2023-02-17,7,-66.68,65.91,-66.64,66.0
D32,2023-02-17,2023-02-24,7,-66.64,66.0,-66.68,65.54
D32,2023-02-24,2023-03-03,7,-66.68,65.54,-66.65,65.6
D32,2023-03-03,2023-03-10,7,-66.65,65.6,-66.73,64.91
D32,2023-03-10,2023-03-17,7,-66.73,64.91,-66.65,64.93
D32,2023-03-17,2023-03-24,7,-66.65,64.93,-66.5,65.25
D32,2023-03-24,2023-03-31,7,-66.5,65.25,-66.55,64.88
D32,2023-03-31,2023-04-07,7,-66.55,64.88,-66.57,63.87
D32,2023-04-07,2023-04-14,7,-66.57,63.87,-66.79,61.47
D32,2023-04-14,2023-04-21,7,-66.79,61.47,-66.63,59.41
D32,2023-04-21,2023-04-28,7,-66.63,59.41,-65.95,57.37
D32,2023-04-28,2023-05-05,7,-65.95,57.37,-65.65,55.56
D32,2023-05-05,2023-05-12,7,-65.65,55.56,-65.65,55.56
D32,2023-05-12,2023-05-19,7,-65.65,55.56,-65.65,55.56
D32,2023-05-19,2023-05-26,7,-65.65,55.56,-65.64,55.49
D32,2023-05-26,2023-06-02,7,-65.64,55.49,-65.66,55.57
D32,2023-06-02,2023-06-09,7,-65.66,55.57,-65.64,55.57
D32,2023-06-09,2023-06-15,6,-65.64,55.57,-65.66,55.56
D32,2023-06-15,2023-06-23,8,-65.66,55.56,-65.66,55.57
D32,2023-06-23,2023-06-24,1,-65.66,55.57,-65.64,55.59
D32,2023-06-24,2023-06-30,6,-65.64,55.59,-65.64,55.59
D32,2023-06-30,2023-07-07,7,-65.64,55.59,-65.64,55.59
D32,2023-07-07,2023-07-14,7,-65.64,55.59,-65.64,55.56
D32,2023-07-14,2023-07-21,7,-65.64,55.56,-65.64,55.56
D32,2023-07-21,2023-07-27,6,-65.64,55.56,-65.64,55.56
D32,2023-07-27,2023-07-28,1,-65.64,55.56,-65.66,55.57
D32,2023-07-28,2023-08-04,7,-65.66,55.57,-65.65,55.56
D32,2023-08-04,2023-08-11,7,-65.65,55.56,-65.64,55.56
D32,2023-08-11,2023-08-18,7,-65.64,55.56,-65.64,55.56
D32,2023-08-18,2023-08-25,7,-65.64,55.56,-65.64,55.56
D32,2023-08-25,2023-09-01,7,-65.64,55.56,-65.64,55.56
D32,2023-09-01,2023-09-08,7,-65.64,55.56,-65.64,55.56
D32,2023-09-08,2023-09-15,7,-65.64,55.56,-65.64,55.56
D32,2023-09-15,2023-09-22,7,-65.64,55.56,-65.64,55.56
D32,2023-09-22,2023-09-30,8,-65.64,55.56,-65.62,55.56
D32,2023-09-30,2023-10-06,6,-65.62,55.56,-65.62,55.56
D32,2023-10-06,2023-10-13,7,-65.62,55.56,-65.62,55.56
D32,2023-10-13,2023-10-20,7,-65.62,55.56,-65.61,55.56
D32,2023-10-20,2023-10-26,6,-65.61,55.56,-65.61,55.56
D32,2023-10-26,2023-11-03,8,-65.61,55.56,-65.59,55.53
D32,2023-11-03,2023-11-09,6,-65.59,55.53,-65.59,55.53
D32,2023-11-09,2023-11-17,8,-65.59,55.53,-65.57,55.49
D32,2023-11-17,2023-11-24,7,-65.57,55.49,-65.48,55.13
D32,2023-11-24,2023-12-08,14,-65.48,55.13,-65.41,53.8
D32,2023-12-08,2023-12-15,7,-65.41,53.8,-65.36,53.95
D32,2023-12-15,2023-12-21,6,-65.36,53.95,-65.32,53.7
D32,2023-12-21,2023-12-28,7,-65.32,53.7,-65.18,54.28
D32,2023-12-28,2024-01-04,7,-65.18,54.28,-65.07,53.96
D32,2024-01-04,2024-01-11,7,-65.07,53.96,-65.12,53.58
D32,2024-01-11,2024-01-18,7,-65.12,53.58,-65.09,53.65
D32,2024-01-18,2024-01-25,7,-65.09,53.65,-65.1,53.5
D32,2024-01-25,2024-02-02,8,-65.1,53.5,-65.21,52.63
D32,2024-02-02,2024-02-08,6,-65.21,52.63,-65.19,52.48
D32,2024-02-08,2024-02-16,8,-65.19,52.48,-65.01,52.06
D32,2024-02-16,2024-02-23,7,-65.01,52.06,-64.71,51.95
D32,2024-02-23,2024-03-01,7,-64.71,51.95,-64.66,51.82
D32,2024-03-01,2024-03-07,6,-64.66,51.82,-64.44,51.63
D32,2024-03-07,2024-03-15,8,-64.44,51.63,-64.61,50.88
D32,2024-03-15,2024-03-22,7,-64.61,50.88,-64.66,51.82
D32,2024-03-22,2024-03-29,7,-64.66,51.82,-65.03,50.49
D32,2024-03-29,2024-04-05,7,-65.03,50.49,-65.0,50.18
D32,2024-04-05,2024-04-12,7,-65.0,50.18,-65.03,50.25
D32,2024-04-12,2024-04-19,7,-65.03,50.25,-65.45,49.91
C39,2025-05-29,2025-06-05,7,-65.8,89.37,-65.96,85.51
C39,2025-06-05,2025-06-12,7,-65.96,85.51,-65.99,85.16
C39,2025-06-12,2025-06-20,8,-65.99,85.16,-66.28,84.07
C39,2025-06-20,2025-06-27,7,-66.28,84.07,-66.3,83.91
C39,2025-06-27,2025-07-04,7,-66.3,83.91,-66.07,83.12
C39,2025-07-04,2025-07-11,7,-66.07,83.12,-66.03,83.06
C39,2025-07-11,2025-07-18,7,-66.03,83.06,-65.96,82.71
C39,2025-07-18,2025-07-24,6,-65.96,82.71,-65.79,82.72
C39,2025-07-24,2025-07-31,7,-65.79,82.72,-65.8,81.85
C39,2025-07-31,2025-08-08,8,-65.8,81.85,-65.78,81.84
C39,2025-08-08,2025-08-14,6,-65.78,81.84,-65.78,81.7
C39,2025-08-14,2025-08-21,7,-65.78,81.7,-65.68,81.33
C39,2025-08-21,2025-08-28,7,-65.68,81.33,-66.01,81.04
C39,2025-08-28,2025-09-04,7,-66.01,81.04,-66.17,80.3
C39,2025-09-04,2025-09-11,7,-66.17,80.3,-66.17,80.41
C39,2025-09-11,2025-09-18,7,-66.17,80.41,-66.15,80.41
C39,2025-09-18,2025-09-26,8,-66.15,80.41,-66.14,80.3
C39,2025-09-26,2025-10-09,13,-66.14,80.3,-66.56,77.76
C39,2025-10-09,2025-10-16,7,-66.56,77.76,-67.03,77.22
C39,2025-10-16,2025-10-23,7,-67.03,77.22,-67.0,77.33
C39,2025-10-23,2025-10-31,8,-67.0,77.33,-67.09,77.25
C39,2025-10-31,2025-11-07,7,-67.09,77.25,-67.31,77.19
C39,2025-11-07,2025-11-14,7,-67.31,77.19,-67.43,77.42
C39,2025-11-14,2025-11-21,7,-67.43,77.42,-67.7,77.49
C39,2025-11-21,2025-11-28,7,-67.7,77.49,-67.71,77.52
C39,2025-11-28,2025-12-05,7,-67.71,77.52,-67.7,77.47
C39,2025-12-05,2025-12-12,7,-67.7,77.47,-67.71,77.5
C39,2025-12-12,2025-12-18,6,-67.71,77.5,-67.71,77.49
C39,2025-12-18,2025-12-26,8,-67.71,77.49,-67.71,77.49
C38B,2025-04-24,2025-05-02,8,-66.16,88.4,-66.04,88.03
C38B,2025-05-02,2025-05-09,7,-66.04,88.03,-65.83,87.39
C38B,2025-05-09,2025-05-16,7,-65.83,87.39,-65.91,86.1
C38B,2025-05-16,2025-05-22,6,-65.91,86.1,-65.91,86.1
C38B,2025-05-22,2025-05-29,7,-65.91,86.1,-65.96,85.54
C38B,2025-05-29,2025-06-05,7,-65.96,85.54,-66.42,84.36
C38B,2025-06-05,2025-06-12,7,-66.42,84.36,-66.42,84.36
C38B,2025-06-12,2025-06-20,8,-66.42,84.36,-66.35,83.13
C38B,2025-06-20,2025-06-27,7,-66.35,83.13,-66.38,83.17
C38B,2025-06-27,2025-07-04,7,-66.38,83.17,-66.17,82.8
C38B,2025-07-04,2025-07-11,7,-66.17,82.8,-66.15,82.77
C38B,2025-07-11,2025-07-18,7,-66.15,82.77,-66.04,82.45
C38B,2025-07-18,2025-07-24,6,-66.04,82.45,-65.97,82.37
C38B,2025-07-24,2025-07-31,7,-65.97,82.37,-66.06,82.12
C38B,2025-07-31,2025-08-08,8,-66.06,82.12,-65.92,82.06
C38B,2025-08-08,2025-08-14,6,-65.92,82.06,-65.92,82.1
C38B,2025-08-14,2025-08-21,7,-65.92,82.1,-65.83,81.88
C38B,2025-08-21,2025-08-28,7,-65.83,81.88,-65.79,81.55
C38B,2025-08-28,2025-09-04,7,-65.79,81.55,-66.0,81.15
C38B,2025-09-04,2025-09-11,7,-66.0,81.15,-66.0,81.15
C38B,2025-09-11,2025-09-18,7,-66.0,81.15,-65.99,81.1
C38B,2025-09-18,2025-09-26,8,-65.99,81.1,-66.03,81.08
C38B,2025-09-26,2025-10-09,13,-66.03,81.08,-66.23,80.36
C38B,2025-10-09,2025-10-16,7,-66.23,80.36,-66.23,80.36
C38B,2025-10-16,2025-10-23,7,-66.23,80.36,-66.23,80.36
C38B,2025-10-23,2025-10-31,8,-66.23,80.36,-66.22,80.41
C38B,2025-10-31,2025-11-07,7,-66.22,80.41,-66.22,80.41
C38B,2025-11-07,2025-11-14,7,-66.22,80.41,-66.21,80.43
C38B,2025-11-14,2025-11-21,7,-66.21,80.43,-66.21,80.43
C38B,2025-11-21,2025-11-28,7,-66.21,80.43,-66.21,80.43
C38B,2025-11-28,2025-12-05,7,-66.21,80.43,-66.22,80.37
C18C,2025-10-31,2025-11-07,7,-66.89,65.58,-66.86,65.36
C18C,2025-11-07,2025-11-14,7,-66.86,65.36,-66.73,63.9
C18C,2025-11-14,2025-11-21,7,-66.73,63.9,-66.63,62.44
C18C,2025-11-21,2025-11-28,7,-66.63,62.44,-66.75,60.51
C18C,2025-11-28,2025-12-05,7,-66.75,60.51,-66.43,58.76
C18C,2025-12-05,2025-12-12,7,-66.43,58.76,-66.1,57.75
C18C,2025-12-12,2025-12-18,6,-66.1,57.75,-65.94,57.17
C18C,2025-12-18,2025-12-26,8,-65.94,57.17,-65.81,56.88
